timestamp,price_yes,price_no,sum_prices
2025-12-10T23:46:00.643985,0.505,0.495,1.0
2025-12-10T23:46:02.466114,0.495,0.505,1.0
2025-12-10T23:46:03.080605,0.505,0.495,1.0
2025-12-10T23:46:03.693934,0.505,0.495,1.0
2025-12-10T23:46:04.328735,0.505,0.495,1.0
2025-12-10T23:46:04.972977,0.515,0.485,1.0
2025-12-10T23:46:05.601712,0.51,0.49,1.0
2025-12-10T23:46:06.241821,0.5,0.5,1.0
2025-12-10T23:46:06.930537,0.505,0.495,1.0
2025-12-10T23:46:08.969691,0.505,0.485,0.99
2025-12-10T23:46:44.168458,0.595,0.405,1.0
2025-12-10T23:46:44.811900,0.595,0.405,1.0
2025-12-10T23:46:45.463957,0.595,0.405,1.0
2025-12-10T23:46:46.073439,0.595,0.405,1.0
2025-12-10T23:46:46.695735,0.595,0.405,1.0
2025-12-10T23:46:47.473922,0.595,0.405,1.0
2025-12-10T23:46:48.600299,0.595,0.405,1.0
2025-12-10T23:46:49.845014,0.595,0.405,1.0
2025-12-10T23:47:01.246186,0.665,0.335,1.0
2025-12-10T23:47:01.886433,0.675,0.325,1.0
2025-12-10T23:47:02.506845,0.67,0.33,1.0
2025-12-10T23:47:03.170154,0.665,0.335,1.0
2025-12-10T23:47:03.793697,0.645,0.355,1.0
2025-12-10T23:47:04.411628,0.645,0.355,1.0
2025-12-10T23:47:05.053801,0.645,0.355,1.0
2025-12-10T23:47:05.720904,0.635,0.365,1.0
2025-12-10T23:47:06.350788,0.63,0.375,1.005
2025-12-10T23:47:06.955169,0.625,0.375,1.0
2025-12-10T23:47:07.623342,0.625,0.375,1.0
2025-12-10T23:47:08.664566,0.625,0.375,1.0
2025-12-10T23:47:09.837895,0.625,0.375,1.0
2025-12-10T23:47:09.640348,0.625,0.375,1.0
2025-12-10T23:47:10.256107,0.62,0.38,1.0
2025-12-10T23:47:11.015385,0.62,0.38,1.0
2025-12-10T23:47:12.215272,0.62,0.38,1.0
2025-12-10T23:47:13.222903,0.61,0.395,1.005
2025-12-10T23:47:38.333639,0.67,0.33,1.0
2025-12-10T23:47:39.011437,0.665,0.335,1.0
2025-12-10T23:47:43.955334,0.655,0.405,1.06
2025-12-10T23:47:44.617592,0.585,0.415,1.0
2025-12-10T23:47:45.252879,0.575,0.425,1.0
2025-12-10T23:47:45.867183,0.565,0.435,1.0
2025-12-10T23:47:47.526347,0.565,0.435,1.0
2025-12-10T23:47:48.660133,0.56,0.445,1.0050000000000001
2025-12-10T23:47:49.306101,0.545,0.455,1.0
2025-12-10T23:47:49.925052,0.545,0.455,1.0
2025-12-10T23:47:50.569157,0.545,0.465,1.01
2025-12-10T23:47:51.208048,0.535,0.465,1.0
2025-12-10T23:47:51.836957,0.525,0.475,1.0
2025-12-10T23:47:52.484060,0.525,0.475,1.0
2025-12-10T23:47:53.105395,0.525,0.475,1.0
2025-12-10T23:47:53.742160,0.525,0.475,1.0
2025-12-10T23:47:54.347386,0.525,0.485,1.01
2025-12-10T23:47:54.966283,0.515,0.485,1.0
2025-12-10T23:47:55.596256,0.505,0.495,1.0
2025-12-10T23:47:56.309101,0.48,0.52,1.0
2025-12-10T23:47:56.056587,0.485,0.535,1.02
2025-12-10T23:47:57.123925,0.465,0.535,1.0
2025-12-10T23:48:01.819342,0.455,0.575,1.03
2025-12-10T23:48:02.448468,0.425,0.575,1.0
2025-12-10T23:48:03.653555,0.425,0.585,1.01
2025-12-10T23:48:06.897233,0.415,0.605,1.02
2025-12-10T23:48:13.292320,0.36,0.64,1.0
2025-12-10T23:48:16.075200,0.355,0.665,1.02
2025-12-10T23:49:51.513445,0.375,0.625,1.0
2025-12-10T23:49:52.571477,0.375,0.625,1.0
2025-12-10T23:50:33.440981,0.32,0.68,1.0
2025-12-10T23:50:35.228337,0.33,0.68,1.01
2025-12-10T23:52:11.128628,0.295,0.705,1.0
2025-12-10T23:52:11.760453,0.285,0.715,1.0
2025-12-10T23:52:12.385308,0.285,0.715,1.0
2025-12-10T23:52:13.002264,0.285,0.715,1.0
2025-12-10T23:52:13.619547,0.285,0.715,1.0
2025-12-10T23:52:14.226970,0.295,0.705,1.0
2025-12-10T23:52:14.833922,0.295,0.705,1.0
2025-12-10T23:52:15.452743,0.295,0.705,1.0
2025-12-10T23:52:16.061508,0.295,0.705,1.0
2025-12-10T23:52:16.681820,0.285,0.715,1.0
2025-12-10T23:52:17.719101,0.285,0.715,1.0
2025-12-10T23:52:19.303628,0.285,0.715,1.0
2025-12-10T23:52:19.970086,0.29,0.71,1.0
2025-12-10T23:52:20.659584,0.29,0.71,1.0
2025-12-10T23:52:21.830106,0.29,0.71,1.0
2025-12-10T23:52:22.958286,0.305,0.7,1.005
2025-12-10T23:52:35.089476,0.285,0.72,1.005
2025-12-10T23:52:36.495692,0.28,0.72,1.0
2025-12-10T23:55:04.372495,0.345,0.655,1.0
2025-12-10T23:55:04.991240,0.345,0.655,1.0
2025-12-10T23:55:05.605641,0.335,0.665,1.0
2025-12-10T23:55:06.221338,0.34,0.66,1.0
2025-12-10T23:55:06.856496,0.345,0.655,1.0
2025-12-10T23:55:07.472519,0.395,0.605,1.0
2025-12-10T23:55:08.085524,0.415,0.585,1.0
2025-12-10T23:55:08.726505,0.415,0.585,1.0
2025-12-10T23:55:09.429594,0.425,0.58,1.005
2025-12-10T23:55:10.057419,0.42,0.585,1.005
2025-12-10T23:55:10.693837,0.415,0.585,1.0
2025-12-10T23:55:11.302074,0.41,0.59,1.0
2025-12-10T23:55:11.912449,0.425,0.575,1.0
2025-12-10T23:55:12.614546,0.415,0.58,0.9949999999999999
2025-12-10T23:55:13.227592,0.42,0.58,1.0
2025-12-10T23:55:13.848644,0.415,0.585,1.0
2025-12-10T23:55:14.461981,0.41,0.59,1.0
2025-12-10T23:55:15.069258,0.41,0.59,1.0
2025-12-10T23:55:15.675646,0.425,0.575,1.0
2025-12-10T23:55:16.294271,0.435,0.555,0.99
2025-12-10T23:55:16.924284,0.445,0.555,1.0
2025-12-10T23:55:17.528753,0.445,0.555,1.0
2025-12-10T23:55:18.131642,0.455,0.545,1.0
2025-12-10T23:55:18.739724,0.465,0.53,0.9950000000000001
2025-12-10T23:55:19.364778,0.47,0.53,1.0
2025-12-10T23:55:19.983784,0.475,0.515,0.99
2025-12-10T23:55:20.600699,0.485,0.515,1.0
2025-12-10T23:55:21.200876,0.48,0.52,1.0
2025-12-10T23:55:21.808272,0.48,0.52,1.0
2025-12-10T23:55:22.421260,0.48,0.52,1.0
2025-12-10T23:55:23.029867,0.48,0.52,1.0
2025-12-10T23:55:23.637373,0.48,0.52,1.0
2025-12-10T23:55:24.271251,0.48,0.52,1.0
2025-12-10T23:55:24.884337,0.485,0.515,1.0
2025-12-10T23:55:25.493990,0.495,0.515,1.01
2025-12-10T23:55:26.104644,0.485,0.515,1.0
2025-12-10T23:55:26.721036,0.485,0.52,1.005
2025-12-10T23:55:27.328048,0.495,0.52,1.0150000000000001
2025-12-10T23:55:27.968650,0.495,0.505,1.0
2025-12-10T23:55:28.584557,0.485,0.515,1.0
2025-12-10T23:55:29.198007,0.485,0.515,1.0
2025-12-10T23:55:29.829711,0.485,0.515,1.0
2025-12-10T23:55:30.450582,0.485,0.515,1.0
2025-12-10T23:55:31.060520,0.485,0.515,1.0
2025-12-10T23:55:31.667591,0.485,0.515,1.0
2025-12-10T23:55:32.269821,0.485,0.515,1.0
2025-12-10T23:55:32.997221,0.475,0.535,1.01
2025-12-10T23:55:33.602251,0.465,0.535,1.0
2025-12-10T23:55:34.222310,0.465,0.535,1.0
2025-12-10T23:55:34.831588,0.465,0.535,1.0
2025-12-10T23:55:35.460537,0.465,0.535,1.0
2025-12-10T23:55:36.065994,0.475,0.525,1.0
2025-12-10T23:55:36.790730,0.475,0.53,1.005
2025-12-10T23:55:37.393340,0.47,0.53,1.0
2025-12-10T23:55:37.997187,0.46,0.54,1.0
2025-12-10T23:55:38.612201,0.46,0.54,1.0
2025-12-10T23:55:39.222460,0.46,0.54,1.0
2025-12-10T23:55:39.842492,0.46,0.54,1.0
2025-12-10T23:55:40.453433,0.46,0.54,1.0
2025-12-10T23:55:41.063376,0.46,0.54,1.0
2025-12-10T23:55:41.666049,0.46,0.54,1.0
2025-12-10T23:55:42.284270,0.46,0.54,1.0
2025-12-10T23:55:42.896009,0.46,0.54,1.0
2025-12-10T23:55:43.501570,0.455,0.545,1.0
2025-12-10T23:55:44.107976,0.46,0.54,1.0
2025-12-10T23:55:44.712541,0.465,0.535,1.0
2025-12-10T23:55:45.319723,0.465,0.54,1.0050000000000001
2025-12-10T23:55:45.927488,0.46,0.54,1.0
2025-12-10T23:55:46.535732,0.46,0.54,1.0
2025-12-10T23:55:47.146191,0.46,0.54,1.0
2025-12-10T23:55:47.759850,0.46,0.54,1.0
2025-12-10T23:55:48.375633,0.46,0.54,1.0
2025-12-10T23:55:48.980844,0.465,0.535,1.0
2025-12-10T23:55:49.581964,0.475,0.525,1.0
2025-12-10T23:55:50.191828,0.475,0.525,1.0
2025-12-10T23:55:50.795563,0.475,0.525,1.0
2025-12-10T23:55:51.399664,0.47,0.53,1.0
2025-12-10T23:55:52.014741,0.47,0.53,1.0
2025-12-10T23:55:52.617652,0.47,0.53,1.0
2025-12-10T23:55:53.230269,0.47,0.53,1.0
2025-12-10T23:55:53.841075,0.47,0.53,1.0
2025-12-10T23:55:54.449513,0.47,0.53,1.0
2025-12-10T23:55:55.057419,0.47,0.53,1.0
2025-12-10T23:55:55.681159,0.47,0.53,1.0
2025-12-10T23:55:56.295409,0.47,0.53,1.0
2025-12-10T23:55:56.907668,0.47,0.53,1.0
2025-12-10T23:55:57.522565,0.47,0.53,1.0
2025-12-10T23:55:58.138226,0.455,0.545,1.0
2025-12-10T23:55:58.757444,0.465,0.535,1.0
2025-12-10T23:55:59.366031,0.465,0.535,1.0
2025-12-10T23:55:59.975409,0.465,0.535,1.0
2025-12-10T23:56:00.576917,0.465,0.535,1.0
2025-12-10T23:56:01.191910,0.445,0.555,1.0
2025-12-10T23:56:01.801852,0.45,0.55,1.0
2025-12-10T23:56:02.416098,0.46,0.54,1.0
2025-12-10T23:56:03.029301,0.46,0.54,1.0
2025-12-10T23:56:03.637950,0.46,0.54,1.0
2025-12-10T23:56:04.253594,0.46,0.54,1.0
2025-12-10T23:56:04.874538,0.45,0.55,1.0
2025-12-10T23:56:05.483875,0.455,0.545,1.0
2025-12-10T23:56:06.096406,0.445,0.555,1.0
2025-12-10T23:56:06.709571,0.445,0.555,1.0
2025-12-10T23:56:07.325062,0.475,0.525,1.0
2025-12-10T23:56:07.931797,0.53,0.465,0.9950000000000001
2025-12-10T23:56:08.539801,0.535,0.465,1.0
2025-12-10T23:56:09.156443,0.545,0.455,1.0
2025-12-10T23:56:09.773822,0.545,0.455,1.0
2025-12-10T23:56:10.408597,0.565,0.435,1.0
2025-12-10T23:56:11.014759,0.575,0.425,1.0
2025-12-10T23:56:11.627470,0.575,0.425,1.0
2025-12-10T23:56:12.231302,0.585,0.405,0.99
2025-12-10T23:56:12.837855,0.595,0.4,0.995
2025-12-10T23:56:13.442744,0.605,0.395,1.0
2025-12-10T23:56:14.090474,0.615,0.385,1.0
2025-12-10T23:56:14.758995,0.595,0.4,0.995
2025-12-10T23:56:15.370195,0.62,0.38,1.0
2025-12-10T23:56:15.987942,0.63,0.365,0.995
2025-12-10T23:56:16.595770,0.635,0.355,0.99
2025-12-10T23:56:17.227674,0.645,0.355,1.0
2025-12-10T23:56:17.833752,0.655,0.345,1.0
2025-12-10T23:56:18.438664,0.665,0.34,1.0050000000000001
2025-12-10T23:56:19.051325,0.66,0.34,1.0
2025-12-10T23:56:19.673236,0.675,0.325,1.0
2025-12-10T23:56:20.276750,0.675,0.325,1.0
2025-12-10T23:56:20.895260,0.685,0.315,1.0
2025-12-10T23:56:21.508280,0.685,0.315,1.0
2025-12-10T23:56:22.124025,0.69,0.305,0.9949999999999999
2025-12-10T23:56:22.731833,0.705,0.295,1.0
2025-12-10T23:56:23.349091,0.705,0.295,1.0
2025-12-10T23:56:23.962937,0.715,0.285,1.0
2025-12-10T23:56:24.571239,0.71,0.29,1.0
2025-12-10T23:56:25.207460,0.71,0.29,1.0
2025-12-10T23:56:25.810273,0.725,0.275,1.0
2025-12-10T23:56:26.428487,0.715,0.285,1.0
2025-12-10T23:56:27.049843,0.715,0.285,1.0
2025-12-10T23:56:27.664284,0.725,0.28,1.005
2025-12-10T23:56:28.278654,0.73,0.27,1.0
2025-12-10T23:56:28.893020,0.73,0.27,1.0
2025-12-10T23:56:29.500932,0.73,0.27,1.0
2025-12-10T23:56:30.111068,0.745,0.255,1.0
2025-12-10T23:56:30.719381,0.74,0.26,1.0
2025-12-10T23:56:31.335532,0.75,0.25,1.0
2025-12-10T23:56:31.940715,0.75,0.25,1.0
2025-12-10T23:56:32.547812,0.735,0.265,1.0
2025-12-10T23:56:33.165511,0.745,0.255,1.0
2025-12-10T23:56:33.897165,0.745,0.25,0.995
2025-12-10T23:56:34.506100,0.745,0.255,1.0
2025-12-10T23:56:35.130735,0.735,0.265,1.0
2025-12-10T23:56:35.729985,0.745,0.255,1.0
2025-12-10T23:56:36.347420,0.745,0.255,1.0
2025-12-10T23:56:36.945295,0.745,0.255,1.0
2025-12-10T23:56:37.557585,0.755,0.245,1.0
2025-12-10T23:56:38.176914,0.75,0.25,1.0
2025-12-10T23:56:38.784150,0.75,0.25,1.0
2025-12-10T23:56:39.392205,0.755,0.245,1.0
2025-12-10T23:56:39.997308,0.75,0.25,1.0
2025-12-10T23:56:40.610706,0.75,0.25,1.0
2025-12-10T23:56:41.239092,0.755,0.245,1.0
2025-12-10T23:56:41.843191,0.7,0.305,1.005
2025-12-10T23:56:42.446891,0.665,0.335,1.0
2025-12-10T23:56:43.056492,0.665,0.335,1.0
2025-12-10T23:56:43.658999,0.675,0.325,1.0
2025-12-10T23:56:44.269123,0.675,0.325,1.0
2025-12-10T23:56:44.877485,0.675,0.325,1.0
2025-12-10T23:56:45.481379,0.665,0.335,1.0
2025-12-10T23:56:46.096311,0.665,0.335,1.0
2025-12-10T23:56:46.696893,0.655,0.345,1.0
2025-12-10T23:56:47.310739,0.645,0.355,1.0
2025-12-10T23:56:47.914003,0.645,0.355,1.0
2025-12-10T23:56:48.516734,0.645,0.355,1.0
2025-12-10T23:56:49.195377,0.645,0.355,1.0
2025-12-10T23:56:49.801067,0.645,0.355,1.0
2025-12-10T23:56:50.425117,0.645,0.355,1.0
2025-12-10T23:56:51.056484,0.645,0.355,1.0
2025-12-10T23:56:51.680660,0.645,0.355,1.0
2025-12-10T23:56:52.294459,0.645,0.355,1.0
2025-12-10T23:56:52.910301,0.645,0.355,1.0
2025-12-10T23:56:53.539743,0.645,0.355,1.0
2025-12-10T23:56:54.146490,0.645,0.355,1.0
2025-12-10T23:56:54.752906,0.645,0.355,1.0
2025-12-10T23:56:55.358941,0.645,0.355,1.0
2025-12-10T23:56:55.959793,0.645,0.355,1.0
2025-12-10T23:56:56.568537,0.645,0.355,1.0
2025-12-10T23:56:57.161457,0.65,0.35,1.0
2025-12-10T23:56:57.769464,0.65,0.35,1.0
2025-12-10T23:56:58.366600,0.65,0.35,1.0
2025-12-10T23:56:58.966366,0.655,0.345,1.0
2025-12-10T23:56:59.586635,0.655,0.345,1.0
2025-12-10T23:57:00.183225,0.655,0.345,1.0
2025-12-10T23:57:00.780246,0.655,0.345,1.0
2025-12-10T23:57:01.380029,0.655,0.345,1.0
2025-12-10T23:57:01.979392,0.655,0.34,0.9950000000000001
2025-12-10T23:57:02.572395,0.675,0.325,1.0
2025-12-10T23:57:03.187262,0.675,0.325,1.0
2025-12-10T23:57:03.795999,0.675,0.325,1.0
2025-12-10T23:57:04.403568,0.685,0.315,1.0
2025-12-10T23:57:05.006530,0.68,0.325,1.0050000000000001
2025-12-10T23:57:05.613348,0.695,0.305,1.0
2025-12-10T23:57:06.217656,0.695,0.305,1.0
2025-12-10T23:57:06.817630,0.695,0.305,1.0
2025-12-10T23:57:07.415158,0.695,0.305,1.0
2025-12-10T23:57:08.010236,0.705,0.295,1.0
2025-12-10T23:57:08.614206,0.7,0.3,1.0
2025-12-10T23:57:09.216765,0.695,0.305,1.0
2025-12-10T23:57:09.825563,0.705,0.295,1.0
2025-12-10T23:57:10.421421,0.7,0.3,1.0
2025-12-10T23:57:11.023539,0.7,0.295,0.9949999999999999
2025-12-10T23:57:11.624958,0.725,0.275,1.0
2025-12-10T23:57:12.237853,0.74,0.26,1.0
2025-12-10T23:57:12.836819,0.74,0.26,1.0
2025-12-10T23:57:13.439134,0.74,0.26,1.0
2025-12-10T23:57:14.038243,0.755,0.245,1.0
2025-12-10T23:57:14.647208,0.765,0.235,1.0
2025-12-10T23:57:15.246022,0.765,0.235,1.0
2025-12-10T23:57:15.843303,0.765,0.225,0.99
2025-12-10T23:57:16.445442,0.78,0.22,1.0
2025-12-10T23:57:17.050933,0.785,0.215,1.0
2025-12-10T23:57:17.653565,0.785,0.215,1.0
2025-12-10T23:57:18.250990,0.79,0.21,1.0
2025-12-10T23:57:18.862818,0.79,0.21,1.0
2025-12-10T23:57:19.458746,0.795,0.205,1.0
2025-12-10T23:57:20.065102,0.79,0.21,1.0
2025-12-10T23:57:20.668948,0.79,0.205,0.995
2025-12-10T23:57:21.268229,0.795,0.205,1.0
2025-12-10T23:57:21.867000,0.795,0.205,1.0
2025-12-10T23:57:22.477475,0.795,0.205,1.0
2025-12-10T23:57:23.094168,0.795,0.205,1.0
2025-12-10T23:57:23.711298,0.805,0.195,1.0
2025-12-10T23:57:24.326035,0.8,0.205,1.0050000000000001
2025-12-10T23:57:24.945620,0.795,0.205,1.0
2025-12-10T23:57:25.557228,0.8,0.195,0.9950000000000001
2025-12-10T23:57:26.166198,0.805,0.195,1.0
2025-12-10T23:57:26.769081,0.805,0.195,1.0
2025-12-10T23:57:27.371013,0.805,0.195,1.0
2025-12-10T23:57:27.972241,0.78,0.22,1.0
2025-12-10T23:57:28.574097,0.755,0.245,1.0
2025-12-10T23:57:29.186154,0.745,0.255,1.0
2025-12-10T23:57:29.816710,0.725,0.275,1.0
2025-12-10T23:57:30.417964,0.74,0.26,1.0
2025-12-10T23:57:31.038892,0.74,0.26,1.0
2025-12-10T23:57:31.638103,0.715,0.285,1.0
2025-12-10T23:57:32.233118,0.72,0.285,1.005
2025-12-10T23:57:32.846328,0.715,0.285,1.0
2025-12-10T23:57:33.445582,0.735,0.265,1.0
2025-12-10T23:57:34.060241,0.73,0.27,1.0
2025-12-10T23:57:34.658000,0.725,0.255,0.98
2025-12-10T23:57:35.252039,0.745,0.255,1.0
2025-12-10T23:57:35.871151,0.72,0.275,0.995
2025-12-10T23:57:36.469306,0.735,0.265,1.0
2025-12-10T23:57:37.068341,0.745,0.255,1.0
2025-12-10T23:57:37.669411,0.755,0.24,0.995
2025-12-10T23:57:38.269559,0.765,0.235,1.0
2025-12-10T23:57:38.865045,0.775,0.225,1.0
2025-12-10T23:57:39.460906,0.775,0.225,1.0
2025-12-10T23:57:40.055765,0.775,0.225,1.0
2025-12-10T23:57:40.658533,0.775,0.225,1.0
2025-12-10T23:57:41.254232,0.775,0.225,1.0
2025-12-10T23:57:41.855954,0.775,0.225,1.0
2025-12-10T23:57:42.454042,0.77,0.23,1.0
2025-12-10T23:57:43.053298,0.765,0.235,1.0
2025-12-10T23:57:43.669165,0.775,0.225,1.0
2025-12-10T23:57:44.291987,0.775,0.225,1.0
2025-12-10T23:57:44.893922,0.775,0.225,1.0
2025-12-10T23:57:45.494216,0.775,0.225,1.0
2025-12-10T23:57:46.098200,0.775,0.225,1.0
2025-12-10T23:57:46.704713,0.775,0.21,0.985
2025-12-10T23:57:47.352365,0.795,0.2,0.9950000000000001
2025-12-10T23:57:47.959807,0.805,0.195,1.0
2025-12-10T23:57:48.557864,0.805,0.195,1.0
2025-12-10T23:57:49.182951,0.805,0.195,1.0
2025-12-10T23:57:49.794349,0.81,0.19,1.0
2025-12-10T23:57:50.397777,0.81,0.19,1.0
2025-12-10T23:57:50.992884,0.81,0.19,1.0
2025-12-10T23:57:51.589274,0.815,0.185,1.0
2025-12-10T23:57:52.205395,0.815,0.185,1.0
2025-12-10T23:57:52.809548,0.82,0.18,1.0
2025-12-10T23:57:53.405504,0.825,0.175,1.0
2025-12-10T23:57:54.011036,0.825,0.175,1.0
2025-12-10T23:57:54.640101,0.82,0.18,1.0
2025-12-10T23:57:55.235783,0.82,0.18,1.0
2025-12-10T23:57:55.846231,0.82,0.18,1.0
2025-12-10T23:57:56.445527,0.825,0.175,1.0
2025-12-10T23:57:57.042048,0.835,0.165,1.0
2025-12-10T23:57:57.663160,0.825,0.175,1.0
2025-12-10T23:57:58.263527,0.83,0.17,1.0
2025-12-10T23:57:58.897453,0.83,0.17,1.0
2025-12-10T23:57:59.497954,0.83,0.17,1.0
2025-12-10T23:58:00.097843,0.83,0.17,1.0
2025-12-10T23:58:00.701251,0.845,0.155,1.0
2025-12-10T23:58:01.305048,0.845,0.145,0.99
2025-12-10T23:58:01.904121,0.86,0.14,1.0
2025-12-10T23:58:02.497009,0.85,0.15,1.0
2025-12-10T23:58:03.092982,0.85,0.155,1.005
2025-12-10T23:58:04.192431,0.85,0.15,1.0
2025-12-10T23:58:05.286064,0.85,0.145,0.995
2025-12-10T23:58:05.907983,0.86,0.145,1.005
2025-12-10T23:58:06.530052,0.83,0.17,1.0
2025-12-10T23:58:07.144221,0.815,0.185,1.0
2025-12-10T23:58:07.739654,0.815,0.185,1.0
2025-12-10T23:58:08.340803,0.805,0.195,1.0
2025-12-10T23:58:08.939082,0.805,0.195,1.0
2025-12-10T23:58:09.540853,0.805,0.195,1.0
2025-12-10T23:58:10.155591,0.8,0.2,1.0
2025-12-10T23:58:10.753511,0.795,0.205,1.0
2025-12-10T23:58:11.352302,0.79,0.2,0.99
2025-12-10T23:58:11.960752,0.795,0.205,1.0
2025-12-10T23:58:12.567585,0.795,0.205,1.0
2025-12-10T23:58:13.165617,0.79,0.21,1.0
2025-12-10T23:58:13.765306,0.79,0.21,1.0
2025-12-10T23:58:14.369703,0.79,0.21,1.0
2025-12-10T23:58:14.962456,0.79,0.21,1.0
2025-12-10T23:58:14.663481,0.805,0.195,1.0
2025-12-10T23:58:15.265002,0.805,0.195,1.0
2025-12-10T23:58:15.865515,0.82,0.18,1.0
2025-12-10T23:58:16.473946,0.825,0.175,1.0
2025-12-10T23:58:17.093030,0.825,0.175,1.0
2025-12-10T23:58:17.697048,0.825,0.175,1.0
2025-12-10T23:58:18.293351,0.825,0.175,1.0
2025-12-10T23:58:18.893439,0.825,0.175,1.0
2025-12-10T23:58:19.497281,0.82,0.185,1.005
2025-12-10T23:58:20.094858,0.815,0.185,1.0
2025-12-10T23:58:20.698633,0.835,0.165,1.0
2025-12-10T23:58:21.293164,0.83,0.17,1.0
2025-12-10T23:58:21.900428,0.835,0.165,1.0
2025-12-10T23:58:22.507900,0.83,0.17,1.0
2025-12-10T23:58:23.112388,0.835,0.17,1.005
2025-12-10T23:58:23.716146,0.835,0.165,1.0
2025-12-10T23:58:24.313770,0.825,0.175,1.0
2025-12-10T23:58:24.913147,0.775,0.225,1.0
2025-12-10T23:58:25.514626,0.745,0.255,1.0
2025-12-10T23:58:26.123056,0.735,0.265,1.0
2025-12-10T23:58:26.725933,0.735,0.265,1.0
2025-12-10T23:58:27.328635,0.725,0.275,1.0
2025-12-10T23:58:27.949585,0.715,0.285,1.0
2025-12-10T23:58:28.558764,0.725,0.315,1.04
2025-12-10T23:58:29.170008,0.7,0.31,1.01
2025-12-10T23:58:29.770698,0.685,0.315,1.0
2025-12-10T23:58:30.372855,0.7,0.3,1.0
2025-12-10T23:58:30.976398,0.695,0.3,0.9949999999999999
2025-12-10T23:58:31.577930,0.7,0.3,1.0
2025-12-10T23:58:32.182138,0.695,0.305,1.0
2025-12-10T23:58:32.792488,0.695,0.305,1.0
2025-12-10T23:58:33.397449,0.705,0.295,1.0
2025-12-10T23:58:33.997978,0.705,0.295,1.0
2025-12-10T23:58:34.603407,0.71,0.29,1.0
2025-12-10T23:58:35.215806,0.715,0.285,1.0
2025-12-10T23:58:35.821852,0.715,0.285,1.0
2025-12-10T23:58:36.441353,0.725,0.275,1.0
2025-12-10T23:58:37.052849,0.715,0.285,1.0
2025-12-10T23:58:37.651083,0.715,0.285,1.0
2025-12-10T23:58:38.272990,0.72,0.275,0.995
2025-12-10T23:58:38.880058,0.72,0.28,1.0
2025-12-10T23:58:39.478413,0.725,0.275,1.0
2025-12-10T23:58:40.087992,0.725,0.275,1.0
2025-12-10T23:58:40.688897,0.715,0.285,1.0
2025-12-10T23:58:41.339337,0.73,0.27,1.0
2025-12-10T23:58:41.941615,0.725,0.275,1.0
2025-12-10T23:58:42.541006,0.725,0.275,1.0
2025-12-10T23:58:43.144011,0.725,0.275,1.0
2025-12-10T23:58:43.746093,0.745,0.255,1.0
2025-12-10T23:58:44.344949,0.745,0.255,1.0
2025-12-10T23:58:44.955406,0.765,0.235,1.0
2025-12-10T23:58:45.558588,0.755,0.245,1.0
2025-12-10T23:58:46.158439,0.755,0.245,1.0
2025-12-10T23:58:46.765777,0.755,0.245,1.0
2025-12-10T23:58:47.372361,0.755,0.245,1.0
2025-12-10T23:58:47.971324,0.76,0.24,1.0
2025-12-10T23:58:48.572380,0.775,0.225,1.0
2025-12-10T23:58:49.174237,0.77,0.23,1.0
2025-12-10T23:58:49.764527,0.77,0.225,0.995
2025-12-10T23:58:50.367368,0.775,0.225,1.0
2025-12-10T23:58:50.968765,0.765,0.235,1.0
2025-12-10T23:58:51.576075,0.785,0.215,1.0
2025-12-10T23:58:52.175389,0.775,0.225,1.0
2025-12-10T23:58:52.800185,0.775,0.225,1.0
2025-12-10T23:58:53.407911,0.78,0.22,1.0
2025-12-10T23:58:54.036090,0.78,0.22,1.0
2025-12-10T23:58:54.663819,0.785,0.215,1.0
2025-12-10T23:58:55.273827,0.785,0.215,1.0
2025-12-10T23:58:55.900716,0.79,0.21,1.0
2025-12-10T23:58:56.537658,0.79,0.21,1.0
2025-12-10T23:58:57.162012,0.79,0.21,1.0
2025-12-10T23:58:57.785199,0.79,0.21,1.0
2025-12-10T23:58:58.402120,0.79,0.21,1.0
2025-12-10T23:58:59.022705,0.79,0.21,1.0
2025-12-10T23:58:59.645488,0.795,0.205,1.0
2025-12-10T23:59:00.261721,0.795,0.205,1.0
2025-12-10T23:59:00.887306,0.795,0.205,1.0
2025-12-10T23:59:01.518517,0.795,0.205,1.0
2025-12-10T23:59:02.142317,0.81,0.19,1.0
2025-12-10T23:59:02.763569,0.785,0.215,1.0
2025-12-10T23:59:03.374143,0.795,0.2,0.9950000000000001
2025-12-10T23:59:04.003649,0.81,0.2,1.01
2025-12-10T23:59:04.624635,0.805,0.195,1.0
2025-12-10T23:59:05.234973,0.805,0.195,1.0
2025-12-10T23:59:05.847921,0.81,0.185,0.9950000000000001
2025-12-10T23:59:06.457895,0.805,0.185,0.99
2025-12-10T23:59:07.090898,0.81,0.19,1.0
2025-12-10T23:59:07.694796,0.8,0.2,1.0
2025-12-10T23:59:08.290633,0.815,0.185,1.0
2025-12-10T23:59:08.886184,0.82,0.18,1.0
2025-12-10T23:59:09.482666,0.82,0.18,1.0
2025-12-10T23:59:10.079559,0.825,0.175,1.0
2025-12-10T23:59:10.682405,0.815,0.185,1.0
2025-12-10T23:59:11.275187,0.82,0.18,1.0
2025-12-10T23:59:11.887403,0.825,0.175,1.0
2025-12-10T23:59:12.499447,0.825,0.175,1.0
2025-12-10T23:59:13.094784,0.825,0.175,1.0
2025-12-10T23:59:13.699442,0.82,0.18,1.0
2025-12-10T23:59:14.346407,0.82,0.185,1.005
2025-12-10T23:59:14.949908,0.825,0.17,0.995
2025-12-10T23:59:15.553443,0.835,0.165,1.0
2025-12-10T23:59:16.165678,0.835,0.165,1.0
2025-12-10T23:59:16.765661,0.84,0.16,1.0
2025-12-10T23:59:17.390976,0.84,0.16,1.0
2025-12-10T23:59:17.986927,0.855,0.145,1.0
2025-12-10T23:59:18.587548,0.845,0.175,1.02
2025-12-10T23:59:19.188846,0.855,0.145,1.0
2025-12-10T23:59:19.790680,0.955,0.04,0.995
2025-12-10T23:59:20.385522,0.965,0.035,1.0
2025-12-10T23:59:21.221810,0.975,0.025,1.0
2025-12-10T23:59:21.832692,0.975,0.02,0.995
2025-12-10T23:59:22.439389,0.98,0.025,1.005
2025-12-10T23:59:23.043440,0.975,0.025,1.0
2025-12-10T23:59:23.642326,0.975,0.025,1.0
2025-12-10T23:59:24.278070,0.965,0.035,1.0
2025-12-10T23:59:24.875646,0.955,0.045,1.0
2025-12-10T23:59:25.487640,0.935,0.065,1.0
2025-12-10T23:59:26.090919,0.955,0.045,1.0
2025-12-10T23:59:26.691427,0.995,0.005,1.0
2025-12-10T23:59:27.298584,0.995,0.005,1.0
2025-12-10T23:59:27.893584,0.995,0.005,1.0
2025-12-10T23:59:28.496375,0.965,0.035,1.0
2025-12-10T23:59:29.118562,0.955,0.045,1.0
2025-12-10T23:59:29.803870,0.875,0.13,1.005
2025-12-10T23:59:30.415680,0.88,0.12,1.0
2025-12-10T23:59:31.018534,0.855,0.145,1.0
2025-12-10T23:59:31.622567,0.86,0.145,1.005
2025-12-10T23:59:32.260008,0.875,0.125,1.0
2025-12-10T23:59:32.868098,0.87,0.13,1.0
2025-12-10T23:59:33.501344,0.89,0.085,0.975
2025-12-10T23:59:34.120775,0.89,0.11,1.0
2025-12-10T23:59:34.717267,0.895,0.115,1.01
2025-12-10T23:59:35.317818,0.845,0.155,1.0
2025-12-10T23:59:35.925711,0.835,0.165,1.0
2025-12-10T23:59:36.536901,0.815,0.19,1.005
2025-12-10T23:59:37.132509,0.805,0.195,1.0
2025-12-10T23:59:37.740546,0.815,0.185,1.0
2025-12-10T23:59:38.346266,0.825,0.165,0.99
2025-12-10T23:59:38.965732,0.815,0.185,1.0
2025-12-10T23:59:39.568884,0.82,0.18,1.0
2025-12-10T23:59:40.167988,0.825,0.175,1.0
2025-12-10T23:59:40.773800,0.825,0.175,1.0
2025-12-10T23:59:41.375370,0.825,0.175,1.0
2025-12-10T23:59:41.999419,0.805,0.195,1.0
2025-12-10T23:59:42.599500,0.64,0.36,1.0
2025-12-10T23:59:43.212334,0.49,0.51,1.0
2025-12-10T23:59:43.810084,0.485,0.515,1.0
2025-12-10T23:59:44.413420,0.455,0.565,1.02
2025-12-10T23:59:45.019911,0.405,0.56,0.9650000000000001
2025-12-10T23:59:45.619162,0.35,0.655,1.005
2025-12-10T23:59:46.223269,0.475,0.575,1.0499999999999998
2025-12-10T23:59:46.819100,0.315,0.685,1.0
2025-12-10T23:59:47.431283,0.34,0.66,1.0
2025-12-10T23:59:48.030974,0.38,0.64,1.02
2025-12-10T23:59:48.635353,0.345,0.66,1.005
2025-12-10T23:59:49.235667,0.33,0.67,1.0
2025-12-10T23:59:49.839162,0.295,0.71,1.005
2025-12-10T23:59:50.443499,0.21,0.82,1.03
2025-12-10T23:59:51.057815,0.225,0.81,1.0350000000000001
2025-12-10T23:59:50.759770,0.205,0.795,1.0
2025-12-10T23:59:51.358666,0.345,0.645,0.99
2025-12-10T23:59:51.957531,0.335,0.665,1.0
2025-12-10T23:59:52.572224,0.395,0.605,1.0
2025-12-10T23:59:53.171401,0.315,0.69,1.005
2025-12-10T23:59:53.771515,0.29,0.7,0.99
2025-12-10T23:59:54.385959,0.24,0.745,0.985
2025-12-10T23:59:54.991523,0.24,0.755,0.995
2025-12-10T23:59:55.589319,0.225,0.775,1.0
2025-12-10T23:59:56.202281,0.21,0.79,1.0
2025-12-10T23:59:56.848711,0.22,0.785,1.0050000000000001
2025-12-10T23:59:57.467103,0.23,0.77,1.0
2025-12-10T23:59:58.073184,0.18,0.825,1.005
2025-12-10T23:59:58.674800,0.145,0.855,1.0
2025-12-10T23:59:59.281181,0.07,0.945,1.015
2025-12-10T23:59:59.880991,0.015,0.995,1.01
2025-12-11T00:00:00.480421,0.005,0.995,1.0
2025-12-11T00:00:01.085441,0.005,0.995,1.0
2025-12-11T00:00:01.734595,0.005,0.995,1.0
2025-12-11T00:00:02.356710,0.005,0.995,1.0
2025-12-11T00:00:02.969418,0.005,0.995,1.0
2025-12-11T00:00:03.580287,0.005,0.995,1.0
2025-12-11T00:00:04.180122,0.005,0.995,1.0
2025-12-11T00:00:04.786199,0.005,0.995,1.0
2025-12-11T00:00:05.388780,0.005,0.995,1.0
2025-12-11T00:00:06.003303,0.005,0.995,1.0
2025-12-11T00:00:06.605513,0.005,0.995,1.0
2025-12-11T00:00:07.213600,0.005,0.995,1.0
2025-12-11T00:00:07.811984,0.005,0.995,1.0
2025-12-11T00:00:08.450130,0.005,0.995,1.0
2025-12-11T00:00:09.059364,0.005,0.995,1.0
2025-12-11T00:00:09.661226,0.005,0.995,1.0
2025-12-11T00:00:10.267068,0.005,0.995,1.0
2025-12-11T00:00:10.887486,0.005,0.995,1.0
2025-12-11T00:00:11.499105,0.005,0.995,1.0
2025-12-11T00:00:12.106864,0.005,0.995,1.0
2025-12-11T00:00:12.716745,0.005,0.995,1.0
2025-12-11T00:00:13.346286,0.005,0.995,1.0
2025-12-11T00:00:13.985753,0.005,0.995,1.0
2025-12-11T00:00:14.642505,0.005,0.995,1.0
2025-12-11T00:00:15.283402,0.005,0.995,1.0
2025-12-11T00:00:15.918471,0.005,0.995,1.0
2025-12-11T00:00:16.559211,0.005,0.995,1.0
2025-12-11T00:00:17.180933,0.005,0.995,1.0
2025-12-11T00:00:17.816181,0.005,0.995,1.0
2025-12-11T00:00:18.442355,0.005,0.995,1.0
2025-12-11T00:00:19.054947,0.005,0.995,1.0
2025-12-11T00:00:19.676120,0.005,0.995,1.0
2025-12-11T00:00:20.288842,0.005,0.995,1.0
2025-12-11T00:00:20.901382,0.005,0.995,1.0
2025-12-11T00:00:21.512792,0.005,0.995,1.0
2025-12-11T00:00:22.125000,0.005,0.995,1.0
2025-12-11T00:00:22.064619,0.005,0.995,1.0
2025-12-11T00:00:22.679420,0.005,0.995,1.0
2025-12-11T00:00:23.311967,0.005,0.995,1.0
2025-12-11T00:00:23.929789,0.005,0.995,1.0
2025-12-11T00:00:24.545836,0.005,0.995,1.0
2025-12-11T00:00:25.161867,0.005,0.995,1.0
2025-12-11T00:00:25.778695,0.005,0.995,1.0
2025-12-11T00:00:26.419387,0.005,0.995,1.0
2025-12-11T00:00:27.055824,0.005,0.995,1.0
2025-12-11T00:00:27.682167,0.005,0.995,1.0
2025-12-11T00:00:28.321979,0.005,0.995,1.0
2025-12-11T00:00:28.956627,0.005,0.995,1.0
2025-12-11T00:00:29.587315,0.005,0.995,1.0
2025-12-11T00:00:30.200839,0.005,0.995,1.0
2025-12-11T00:00:30.824247,0.005,0.995,1.0
2025-12-11T00:00:31.464411,0.005,0.995,1.0
2025-12-11T00:00:32.077111,0.005,0.995,1.0
2025-12-11T00:00:32.686800,0.005,0.995,1.0
2025-12-11T00:00:33.307156,0.005,0.995,1.0
2025-12-11T00:00:33.934993,0.005,0.995,1.0
2025-12-11T00:00:34.566122,0.005,0.995,1.0
2025-12-11T00:00:35.184591,0.005,0.995,1.0
2025-12-11T00:00:35.800164,0.005,0.995,1.0
2025-12-11T00:00:36.420873,0.005,0.995,1.0
2025-12-11T00:00:37.032297,0.005,0.995,1.0
2025-12-11T00:00:37.631466,0.005,0.995,1.0
2025-12-11T00:00:38.241046,0.005,0.995,1.0
2025-12-11T00:00:38.884461,0.005,0.995,1.0
2025-12-11T00:00:39.481945,0.005,0.995,1.0
2025-12-11T00:00:40.086690,0.005,0.995,1.0
2025-12-11T00:00:40.696570,0.005,0.995,1.0
2025-12-11T00:00:41.316339,0.005,0.995,1.0
2025-12-11T00:00:41.923801,0.005,0.995,1.0
2025-12-11T00:00:42.529168,0.005,0.995,1.0
2025-12-11T00:00:43.139747,0.005,0.995,1.0
2025-12-11T00:00:43.758845,0.005,0.995,1.0
2025-12-11T00:00:44.375764,0.005,0.995,1.0
2025-12-11T00:00:44.980431,0.005,0.995,1.0
2025-12-11T00:00:45.588155,0.005,0.995,1.0
2025-12-11T00:00:46.192221,0.005,0.995,1.0
2025-12-11T00:00:46.809314,0.005,0.995,1.0
2025-12-11T00:00:47.412333,0.005,0.995,1.0
2025-12-11T00:00:48.010736,0.005,0.995,1.0
2025-12-11T00:00:48.617648,0.005,0.995,1.0
2025-12-11T00:00:49.254724,0.005,0.995,1.0
2025-12-11T00:00:49.856629,0.005,0.995,1.0
2025-12-11T00:00:50.475756,0.005,0.995,1.0
2025-12-11T00:00:51.087294,0.005,0.995,1.0
2025-12-11T00:00:51.707299,0.005,0.995,1.0
2025-12-11T00:00:52.308491,0.005,0.995,1.0
2025-12-11T00:00:52.908691,0.005,0.995,1.0
2025-12-11T00:00:53.528392,0.005,0.995,1.0
2025-12-11T00:00:53.051219,0.005,0.995,1.0
2025-12-11T00:00:53.659176,0.005,0.995,1.0
2025-12-11T00:00:54.261285,0.005,0.995,1.0
2025-12-11T00:00:54.860503,0.005,0.995,1.0
2025-12-11T00:00:55.470979,0.005,0.995,1.0
2025-12-11T00:00:56.085012,0.005,0.995,1.0
2025-12-11T00:00:56.711672,0.005,0.995,1.0
2025-12-11T00:00:57.317352,0.005,0.995,1.0
2025-12-11T00:00:57.931518,0.005,0.995,1.0
